t,activity,H,s_ed,rho_j,eps_norm,gate_frac,mean_F_ext,mask_frac,w_fro,mean_g,wm_fro,h_norm,node_spread,n_viol
0,0.00895248,2.46371,0.100329,0.920728,1.2423,0,0.0206023,1,0.732655,1,0.0644995,0.888597,0.00551265,0
1,0.0206159,2.70636,0.23665,0.920728,1.23908,0,0.0294653,1,0.732655,1,0.0644995,0.976113,0.00590367,0
2,0.013718,2.60669,-0.388043,0.920728,1.24355,0.142857,0.00865398,1,0.732655,1,0.0644995,0.940163,0.00531719,0
3,0.0304511,2.65954,0.395454,0.920728,1.20246,0.285714,0.0504371,1,0.732655,1,0.0644995,0.959226,0.0138983,0
4,0.0270043,2.74677,-0.206666,0.920728,1.22518,0.428571,0.0143239,1,0.732655,1,0.0644995,0.990689,0.0031037,0
5,0.0232137,2.72772,-0.232749,0.920728,1.22817,0.571429,0.0138963,1,0.732655,1,0.0644995,0.983817,0.00327285,0
6,0.0242883,2.72341,-0.109056,0.920728,1.2041,0.571429,0.0179708,1,0.732655,1,0.0644995,0.982263,0.0044992,0
7,0.0258117,2.69309,-0.158992,0.920728,1.21248,0.857143,0.0177902,1,0.732655,1,0.0644995,0.971326,0.00407387,0
8,0.0237737,2.74411,-0.174344,0.920728,1.21931,1,0.0179507,1,0.732655,1,0.0644995,0.989727,0.00395954,0
9,0.027368,2.7024,-0.0547428,0.920728,1.20463,1,0.0253552,1,0.732655,1,0.0644995,0.974686,0.00789076,0
10,0.0195803,2.66213,nan,0.920728,1.21856,1,0,1,0.732655,1.00025,0.0644995,0.96016,0.00634716,0
11,0.0147478,2.60297,nan,0.920728,1.21172,1,0,1,0.732655,1.00025,0.0644995,0.938825,0.00568958,0
12,0.012641,2.6157,nan,0.920728,1.21359,1,0,1,0.732655,1.00025,0.0644995,0.943415,0.0043957,0
13,0.0101408,2.47975,nan,0.920728,1.20553,1,0,1,0.732655,1.00025,0.0644995,0.894379,0.00490215,0
14,0.00725997,2.41668,nan,0.920728,1.21311,1,0,1,0.732655,1.00025,0.0644995,0.871634,0.00421947,0
15,0.00980906,2.6481,nan,0.920728,1.20477,1,0,1,0.732655,1.00025,0.0644995,0.9551,0.00462982,0
16,0.00894482,2.59372,nan,0.920728,1.21336,1,0,1,0.732655,1.00025,0.0644995,0.935486,0.00255463,0
17,0.00815869,2.43508,nan,0.920728,1.20923,1,0,1,0.732655,1.00025,0.0644995,0.878268,0.00458327,0
18,0.00528922,2.47634,nan,0.920728,1.21992,1,0,1,0.732655,1.00025,0.0644995,0.893152,0.00132897,0
19,0.00628316,2.53331,nan,0.920728,1.21808,1,0,1,0.732655,1.00025,0.0644995,0.913697,0.00126999,0
